Unnamed: 0,Rk,PLAYER,POSITION,AGE,MP,FG,FGA,FG%,3P,3PA,3P%,2P,2PA,2P%,eFG%,FT,FTA,FT%,ORB,DRB,TRB,AST,STL,BLK,TOV,PF,POINTS,TEAM,GP,MPG,W,SALARY_MILLIONS
0,1,Russell Westbrook,PG,28,34.6,10.2,24.0,425,2.5,7.2,343,7.7,16.8,459,476,8.8,10.4,845,1.7,9.0,10.7,10.4,1.6,0.4,5.4,2.3,31.6,OKC,81,34.6,46,26.5
1,2,James Harden,PG,27,36.4,8.3,18.9,0.44,3.2,9.3,0.34700000000000003,5.1,9.6,0.53,525,9.2,10.9,847,1.2,7.0,8.1,11.2,1.5,0.5,5.7,2.7,29.1,HOU,81,36.4,54,26.5
2,3,Isaiah Thomas,PG,27,33.8,9.0,19.4,463,3.2,8.5,379,5.8,10.9,528,546,7.8,8.5,909,0.6,2.1,2.7,5.9,0.9,0.2,2.8,2.2,28.9,BOS,76,33.8,51,6.59
3,4,Anthony Davis,C,23,36.1,10.3,20.3,505,0.5,1.8,299,9.7,18.6,524,518,6.9,8.6,802,2.3,9.5,11.8,2.1,1.3,2.2,2.4,2.2,28.0,NO,75,36.1,31,22.12
4,6,DeMarcus Cousins,C,26,34.2,9.0,19.9,452,1.8,5.0,361,7.2,14.8,483,498,7.2,9.3,772,2.1,8.9,11.0,4.6,1.4,1.3,3.7,3.9,27.0,NO/SAC,72,34.2,30,16.96
5,7,Damian Lillard,PG,26,35.9,8.8,19.8,444,2.9,7.7,0.37,6.0,12.1,0.4920000000000001,516,6.5,7.3,895,0.6,4.3,4.9,5.9,0.9,0.3,2.6,2.0,27.0,POR,75,35.9,38,24.33
6,8,LeBron James,SF,32,37.8,9.9,18.2,0.5479999999999999,1.7,4.6,363,8.3,13.5,611,594,4.8,7.2,674,1.3,7.3,8.6,8.7,1.2,0.6,4.1,1.8,26.4,CLE,74,37.8,51,30.96
7,9,Kawhi Leonard,SF,25,33.4,8.6,17.7,485,2.0,5.2,0.38,6.6,12.5,529,541,6.3,7.2,0.88,1.1,4.7,5.8,3.5,1.8,0.7,2.1,1.6,25.5,SA,74,33.4,54,17.64
8,10,Stephen Curry,PG,28,33.4,8.5,18.3,468,4.1,10.0,411,4.4,8.3,537,0.58,4.1,4.6,898,0.8,3.7,4.5,6.6,1.8,0.2,3.0,2.3,25.3,GS,79,33.4,65,12.11
9,11,Kyrie Irving,PG,24,35.1,9.3,19.7,473,2.5,6.1,401,6.9,13.6,505,535,4.1,4.6,905,0.7,2.5,3.2,5.8,1.2,0.3,2.5,2.2,25.2,CLE,72,35.1,47,17.64
10,12,Kevin Durant,SF,28,33.4,8.9,16.5,537,1.9,5.0,375,7.0,11.5,608,594,5.4,6.2,875,0.6,7.6,8.3,4.8,1.1,1.6,2.2,1.9,25.1,GS,62,33.4,51,26.5
11,13,Karl-Anthony Towns,C,21,37.0,9.8,18.0,542,1.2,3.4,0.3670000000000001,8.5,14.7,0.5820000000000001,0.5760000000000001,4.3,5.2,0.8320000000000001,3.6,8.7,12.3,2.7,0.7,1.3,2.6,2.9,25.1,MIN,82,37.0,31,5.96
12,14,Jimmy Butler,SF,27,37.0,7.5,16.5,455,1.2,3.3,0.3670000000000001,6.3,13.2,477,0.4920000000000001,7.7,8.9,865,1.7,4.5,6.2,5.5,1.9,0.4,2.1,1.5,23.9,CHI,76,37.0,40,17.55
13,15,Paul George,SF,26,35.9,8.3,18.0,461,2.6,6.6,393,5.7,11.4,501,534,4.5,5.0,898,0.8,5.8,6.6,3.3,1.6,0.4,2.9,2.7,23.7,IND,75,35.9,39,18.31
14,16,Andrew Wiggins,SF,21,37.2,8.6,19.1,452,1.3,3.5,0.35600000000000004,7.4,15.6,473,484,5.0,6.6,0.76,1.2,2.8,4.0,2.3,1.0,0.4,2.3,2.2,23.6,MIN,82,37.2,31,6.01
15,17,Kemba Walker,PG,26,34.7,8.1,18.3,444,3.0,7.6,399,5.1,10.7,476,527,3.8,4.5,847,0.6,3.3,3.9,5.5,1.1,0.3,2.1,1.5,23.2,CHA,79,34.7,36,12.0
16,18,Bradley Beal,SG,23,34.9,8.3,17.2,482,2.9,7.2,404,5.4,10.0,0.5379999999999999,0.5660000000000001,3.7,4.4,825,0.7,2.4,3.1,3.5,1.1,0.3,2.0,2.2,23.1,WSH,77,34.9,48,22.12
17,19,John Wall,PG,26,36.4,8.3,18.4,451,1.1,3.5,327,7.2,14.9,0.48,482,5.4,6.8,0.8009999999999999,0.8,3.4,4.2,10.7,2.0,0.6,4.1,1.9,23.1,WSH,78,36.4,48,16.96
18,21,Giannis Antetokounmpo,SF,22,35.6,8.2,15.7,521,0.6,2.3,272,7.6,13.5,563,541,5.9,7.7,0.77,1.8,7.0,8.8,5.4,1.6,1.9,2.9,3.1,22.9,MIL,80,35.6,42,3.0
19,22,Carmelo Anthony,SF,32,34.3,8.1,18.8,433,2.0,5.7,359,6.1,13.1,466,488,4.1,4.9,833,0.8,5.1,5.9,2.9,0.8,0.5,2.1,2.7,22.4,NY,74,34.3,29,24.56
20,24,Klay Thompson,SG,26,34.0,8.3,17.6,468,3.4,8.3,414,4.8,9.3,516,565,2.4,2.8,853,0.6,3.0,3.7,2.1,0.8,0.5,1.6,1.8,22.3,GS,78,34.0,66,16.66
21,25,Devin Booker,SG,20,35.0,7.8,18.3,423,1.9,5.2,363,5.9,13.2,447,475,4.7,5.7,0.8320000000000001,0.6,2.6,3.2,3.4,0.9,0.3,3.1,3.1,22.1,PHX,78,35.0,24,2.22
22,26,Gordon Hayward,SF,26,34.5,7.5,15.8,471,2.0,5.1,398,5.4,10.7,506,536,5.0,5.9,0.8440000000000001,0.7,4.7,5.4,3.5,1.0,0.3,1.9,1.6,21.9,UTAH,73,34.5,46,16.07
23,27,Blake Griffin,PF,27,34.0,7.9,15.9,493,0.6,1.9,336,7.2,14.1,514,513,5.2,6.9,0.76,1.8,6.3,8.1,4.9,0.9,0.4,2.3,2.6,21.6,LAC,61,34.0,40,20.14
24,28,Eric Bledsoe,PG,27,33.0,6.8,15.7,434,1.6,4.7,335,5.2,11.0,477,485,5.9,6.9,847,0.8,4.1,4.8,6.3,1.4,0.5,3.4,2.5,21.1,PHX,66,33.0,22,14.0
25,29,Mike Conley,PG,29,33.2,6.7,14.6,0.46,2.5,6.1,408,4.2,8.6,0.4970000000000001,545,4.6,5.3,0.8590000000000001,0.4,3.0,3.5,6.3,1.3,0.3,2.3,1.8,20.5,MEM,69,33.2,35,26.54
26,30,Brook Lopez,C,28,29.6,7.4,15.6,474,1.8,5.2,0.34600000000000003,5.6,10.5,536,531,3.9,4.9,0.81,1.6,3.8,5.4,2.3,0.5,1.7,2.5,2.6,20.5,BKN,75,29.6,20,21.17
27,31,Goran Dragic,PG,30,33.7,7.3,15.4,475,1.6,4.0,405,5.7,11.4,499,527,4.1,5.2,0.79,0.8,3.0,3.8,5.8,1.2,0.2,2.9,2.7,20.3,MIA,73,33.7,40,15.89
28,32,Joel Embiid,C,22,25.4,6.5,13.8,466,1.2,3.2,0.3670000000000001,5.3,10.7,495,508,6.2,7.9,0.7829999999999999,2.0,5.9,7.8,2.1,0.9,2.5,3.8,3.6,20.2,PHI,31,25.4,13,4.83
29,33,Jabari Parker,PF,21,33.9,7.8,16.0,0.49,1.3,3.5,365,6.5,12.5,525,0.53,3.2,4.3,743,1.5,4.6,6.2,2.8,1.0,0.4,1.8,2.2,20.1,MIL,51,33.9,22,5.37
30,34,Marc Gasol,C,32,34.2,7.2,15.7,459,1.4,3.6,388,5.8,12.1,0.48,503,3.8,4.5,0.8370000000000001,0.8,5.5,6.3,4.6,0.9,1.3,2.2,2.3,19.5,MEM,74,34.2,40,21.17
31,36,Kevin Love,PF,28,31.4,6.2,14.5,0.4270000000000001,2.4,6.5,373,3.8,8.0,471,0.51,4.3,4.9,871,2.5,8.6,11.1,1.9,0.9,0.4,2.0,2.1,19.0,CLE,60,31.4,40,21.17
32,37,Zach LaVine,SG,21,37.2,6.9,15.1,459,2.6,6.6,387,4.4,8.5,515,544,2.5,3.0,836,0.4,3.0,3.4,3.0,0.9,0.2,1.8,2.2,18.9,MIN,47,37.2,16,2.24
33,38,Rudy Gay,SF,30,33.8,6.7,14.7,455,1.4,3.8,0.3720000000000001,5.3,11.0,483,502,3.9,4.6,855,1.2,5.2,6.3,2.8,1.5,0.9,2.5,2.6,18.7,SAC,30,33.8,11,13.33
34,39,Dwyane Wade,SG,35,29.9,6.9,15.9,434,0.8,2.4,0.31,6.2,13.5,456,457,3.7,4.7,794,1.1,3.5,4.5,3.8,1.4,0.7,2.3,1.9,18.3,CHI,60,29.9,29,23.2
35,40,Danilo Gallinari,SF,28,33.9,5.3,11.9,447,2.0,5.1,389,3.3,6.8,491,531,5.5,6.1,902,0.6,4.5,5.2,2.1,0.6,0.2,1.3,1.5,18.2,DEN,63,33.9,31,15.05
36,41,Paul Millsap,PF,31,34.0,6.2,14.1,442,1.1,3.5,311,5.1,10.6,486,481,4.5,5.9,768,1.6,6.1,7.7,3.7,1.3,0.9,2.3,2.7,18.1,ATL,69,34.0,40,20.07
37,42,Chris Paul,PG,31,31.5,6.1,12.9,476,2.0,5.0,411,4.1,7.9,518,555,3.8,4.3,892,0.7,4.3,5.0,9.2,2.0,0.1,2.4,2.4,18.1,LAC,61,31.5,43,22.87
38,43,Kristaps Porzingis,PF,21,32.8,6.7,14.9,0.45,1.7,4.8,0.35700000000000004,5.0,10.2,493,507,3.0,3.8,0.7859999999999999,1.7,5.5,7.2,1.5,0.7,2.0,1.8,3.7,18.1,NY,66,32.8,26,4.32
39,44,Derrick Rose,PG,28,32.5,7.2,15.3,471,0.2,0.9,217,7.0,14.3,487,477,3.5,4.0,0.8740000000000001,1.0,2.8,3.8,4.4,0.7,0.3,2.3,1.3,18.0,NY,64,32.5,26,21.32
40,45,Dennis Schroder,PG,23,31.5,6.9,15.4,451,1.3,3.7,0.34,5.7,11.6,487,493,2.8,3.2,855,0.5,2.6,3.1,6.3,0.9,0.2,3.3,1.9,17.9,ATL,79,31.5,42,2.71
41,47,LaMarcus Aldridge,PF,31,32.4,6.9,14.6,477,0.3,0.8,411,6.6,13.8,0.48,488,3.1,3.8,812,2.4,4.9,7.3,1.9,0.6,1.2,1.4,2.2,17.3,SA,72,32.4,52,20.58
42,48,Evan Fournier,SG,24,32.9,6.0,13.7,439,1.9,5.3,0.35600000000000004,4.1,8.4,491,508,3.3,4.1,805,0.6,2.4,3.1,3.0,1.0,0.1,2.1,2.6,17.2,ORL,68,32.9,23,17.0
43,50,George Hill,PG,30,31.5,5.9,12.4,477,1.9,4.8,403,4.0,7.6,523,0.5539999999999999,3.2,4.0,0.8009999999999999,0.5,2.9,3.4,4.2,1.0,0.2,1.7,2.3,16.9,UTAH,49,31.5,33,8.0
44,51,Nikola Jokic,C,21,27.9,6.8,11.7,578,0.6,1.9,324,6.2,9.8,628,605,2.6,3.1,825,2.9,6.9,9.8,4.9,0.8,0.8,2.3,2.9,16.7,DEN,73,27.9,37,1.36
45,52,Avery Bradley,SG,26,33.4,6.5,14.1,463,2.0,5.0,0.39,4.6,9.1,504,0.5329999999999999,1.2,1.7,731,1.2,4.9,6.1,2.2,1.2,0.2,1.6,2.6,16.3,BOS,55,33.4,34,8.27
46,53,Eric Gordon,SG,28,31.0,5.5,13.5,406,3.3,8.8,0.3720000000000001,2.2,4.7,468,527,2.0,2.3,0.84,0.4,2.3,2.7,2.5,0.6,0.5,1.6,2.0,16.2,HOU,75,31.0,50,12.39
47,54,Tobias Harris,PF,24,31.3,6.2,13.0,481,1.3,3.8,0.34700000000000003,4.9,9.1,537,532,2.3,2.8,841,0.8,4.3,5.1,1.7,0.7,0.5,1.2,1.6,16.1,DET,82,31.3,37,17.2
48,55,Victor Oladipo,SG,24,33.2,6.1,13.9,442,1.9,5.3,361,4.3,8.7,491,0.51,1.7,2.3,753,0.6,3.8,4.3,2.6,1.2,0.3,1.8,2.3,15.9,OKC,67,33.2,39,6.55
49,56,Dion Waiters,SG,25,30.1,6.1,14.4,424,1.8,4.7,395,4.3,9.7,438,488,1.8,2.8,0.6459999999999999,0.4,2.9,3.3,4.3,0.9,0.4,2.2,2.1,15.8,MIA,46,30.1,27,2.9
50,57,Wilson Chandler,SF,29,30.9,6.1,13.2,461,1.5,4.6,337,4.5,8.6,527,0.52,2.0,2.7,727,1.5,5.0,6.5,2.0,0.7,0.4,1.6,2.4,15.7,DEN,71,30.9,35,11.23
51,58,D'Angelo Russell,PG,20,28.7,5.6,13.8,405,2.1,6.1,0.35200000000000004,3.4,7.7,447,483,2.3,3.0,782,0.5,3.0,3.5,4.8,1.4,0.3,2.8,2.1,15.6,LAL,63,28.7,21,5.33
52,59,Jrue Holiday,PG,26,32.7,6.0,13.3,454,1.5,4.2,0.35600000000000004,4.6,9.1,498,0.51,1.8,2.5,708,0.7,3.3,3.9,7.3,1.5,0.7,2.9,2.0,15.4,NO,67,32.7,32,11.29
53,60,Jeff Teague,PG,28,32.4,4.9,11.1,442,1.1,3.1,0.35700000000000004,3.8,8.0,475,0.4920000000000001,4.4,5.1,867,0.4,3.6,4.0,7.8,1.2,0.4,2.6,2.0,15.3,IND,82,32.4,42,8.8
54,61,Nicolas Batum,SG,28,34.0,5.1,12.7,403,1.8,5.3,333,3.4,7.4,453,472,3.2,3.7,856,0.6,5.6,6.2,5.9,1.1,0.4,2.5,1.4,15.1,CHA,77,34.0,35,20.87
55,63,Gary Harris,SG,22,31.3,5.6,11.2,502,1.9,4.5,0.42,3.7,6.7,0.5579999999999999,586,1.8,2.4,0.7759999999999999,0.8,2.3,3.1,2.9,1.2,0.1,1.3,1.6,14.9,DEN,57,31.3,29,1.66
56,64,Serge Ibaka,PF,27,30.7,6.0,12.4,0.48,1.6,4.0,391,4.4,8.4,522,0.5429999999999999,1.4,1.6,856,1.6,5.2,6.8,0.9,0.5,1.6,1.3,2.7,14.8,ORL/TOR,79,30.7,37,12.25
57,65,Jordan Clarkson,SG,24,29.2,5.8,13.1,445,1.4,4.3,329,4.4,8.7,503,0.5,1.6,2.0,0.7979999999999999,0.6,2.4,3.0,2.6,1.1,0.1,2.0,1.8,14.7,LAL,82,29.2,26,12.5
58,66,Khris Middleton,SF,25,30.7,5.2,11.5,0.45,1.6,3.6,433,3.6,7.9,459,518,2.8,3.2,0.88,0.4,3.9,4.2,3.4,1.4,0.2,2.2,2.7,14.7,MIL,29,30.7,19,15.2
59,67,Nikola Vucevic,C,26,28.8,6.4,13.7,468,0.3,1.0,307,6.1,12.7,481,0.48,1.4,2.1,669,2.3,8.0,10.4,2.8,1.0,1.0,1.6,2.4,14.6,ORL,75,28.8,27,11.75
60,69,Reggie Jackson,PG,26,27.4,5.5,13.0,419,1.3,3.5,359,4.2,9.5,442,468,2.3,2.6,868,0.4,1.8,2.2,5.2,0.7,0.1,2.2,2.5,14.5,DET,52,27.4,23,14.96
61,70,Jeremy Lin,PG,28,24.5,4.9,11.1,438,1.6,4.3,0.3720000000000001,3.3,6.8,0.48,0.51,3.2,3.9,816,0.3,3.4,3.8,5.1,1.2,0.4,2.4,2.2,14.5,BKN,36,24.5,13,11.48
62,71,Myles Turner,C,20,31.4,5.5,10.7,511,0.5,1.4,348,5.0,9.3,536,534,3.0,3.7,809,1.7,5.6,7.3,1.3,0.9,2.1,1.3,3.2,14.5,IND,81,31.4,42,2.46
63,73,Enes Kanter,C,24,21.3,5.6,10.2,545,0.1,0.5,132,5.5,9.7,568,0.5489999999999999,3.1,4.0,0.7859999999999999,2.7,4.0,6.7,0.9,0.4,0.5,1.7,2.1,14.3,OKC,72,21.3,43,17.15
64,74,Dirk Nowitzki,PF,38,26.4,5.5,12.6,0.4370000000000001,1.5,3.9,378,4.0,8.7,463,495,1.8,2.1,875,0.4,6.1,6.5,1.5,0.6,0.7,0.9,2.1,14.2,DAL,54,26.4,23,25.0
65,76,Zach Randolph,PF,35,24.5,5.9,13.2,449,0.3,1.3,223,5.6,11.9,474,0.46,1.9,2.6,731,2.5,5.7,8.2,1.7,0.5,0.1,1.4,1.9,14.1,MEM,73,24.5,38,10.36
66,77,Rudy Gobert,C,24,33.9,5.1,7.7,0.6609999999999999,0.0,0.0,0.0,5.1,7.7,662,0.6609999999999999,3.8,5.9,653,3.9,8.9,12.8,1.2,0.6,2.6,1.8,3.0,14.0,UTAH,81,33.9,51,2.12
67,78,Al Horford,C,30,32.3,5.6,11.8,473,1.3,3.6,355,4.3,8.2,524,527,1.6,2.0,0.8,1.4,5.4,6.8,5.0,0.8,1.3,1.7,2.0,14.0,BOS,68,32.3,46,26.54
68,79,Marcus Morris,SF,27,32.5,5.3,12.7,418,1.5,4.5,331,3.8,8.2,466,477,1.8,2.3,784,1.0,3.7,4.6,2.0,0.7,0.3,1.1,2.1,14.0,DET,79,32.5,36,4.62
69,80,Markieff Morris,PF,27,31.2,5.3,11.7,457,0.9,2.6,362,4.4,9.1,483,0.4970000000000001,2.4,2.8,0.8370000000000001,1.4,5.1,6.5,1.7,1.1,0.6,1.7,3.3,14.0,WSH,76,31.2,45,7.4
70,81,Jae Crowder,SF,26,32.4,4.6,10.0,463,2.2,5.5,398,2.4,4.5,0.54,0.5720000000000001,2.4,3.0,0.8109999999999999,0.7,5.1,5.8,2.2,1.0,0.3,1.1,2.2,13.9,BOS,72,32.4,48,6.29
71,82,Kentavious Caldwell-Pope,SG,23,33.3,4.9,12.2,399,2.0,5.8,0.35,2.9,6.5,442,481,2.0,2.4,0.8320000000000001,0.7,2.5,3.3,2.5,1.2,0.2,1.1,1.6,13.8,DET,76,33.3,33,3.68
72,83,Will Barton,SG,26,28.4,4.9,11.1,443,1.5,3.9,0.37,3.5,7.2,483,508,2.4,3.2,753,1.0,3.4,4.3,3.4,0.8,0.5,1.6,1.8,13.7,DEN,60,28.4,31,3.53
73,84,Bojan Bogdanovic,SF,27,25.7,4.6,10.4,445,1.8,4.8,0.3670000000000001,2.9,5.6,512,0.53,2.7,3.0,893,0.5,3.0,3.4,1.4,0.4,0.1,1.6,1.8,13.7,BKN/WSH,81,25.7,23,3.73
74,85,Tyler Johnson,PG,24,29.8,4.9,11.3,433,1.3,3.4,0.3720000000000001,3.6,7.9,0.46,0.49,2.7,3.5,768,0.7,3.3,4.0,3.2,1.2,0.6,1.2,2.4,13.7,MIA,73,29.8,35,5.63
75,86,Ryan Anderson,PF,28,29.4,4.5,10.7,418,2.8,7.0,403,1.7,3.7,446,0.55,1.8,2.1,0.86,1.6,3.0,4.6,0.9,0.4,0.2,0.8,2.0,13.6,HOU,72,29.4,50,18.74
76,88,Dwight Howard,C,31,29.7,5.2,8.3,633,0.0,0.0,0.0,5.2,8.3,635,633,3.1,5.7,0.5329999999999999,4.0,8.7,12.7,1.4,0.9,1.2,2.3,2.7,13.5,ATL,74,29.7,37,23.18
77,89,Wesley Matthews,SG,30,34.2,4.6,11.6,393,2.4,6.6,363,2.2,5.0,0.4320000000000001,496,2.0,2.5,816,0.2,3.3,3.5,2.9,1.1,0.2,1.4,2.2,13.5,DAL,73,34.2,29,17.15
78,91,Darren Collison,PG,29,30.3,5.0,10.5,476,1.1,2.6,417,3.9,7.9,495,527,2.2,2.5,0.86,0.3,1.9,2.2,4.6,1.0,0.1,1.7,1.8,13.2,SAC,68,30.3,26,5.23
79,92,Julius Randle,PF,22,28.8,5.1,10.4,488,0.2,0.9,0.27,4.9,9.6,507,499,2.8,3.8,723,2.0,6.6,8.6,3.6,0.7,0.5,2.3,3.4,13.2,LAL,74,28.8,24,3.27
80,93,Nick Young,SG,31,25.9,4.5,10.6,0.43,2.8,7.0,404,1.7,3.5,481,564,1.3,1.5,856,0.4,1.9,2.3,1.0,0.6,0.2,0.6,2.3,13.2,LAL,60,25.9,19,5.44
81,94,Ersan Ilyasova,PF,29,26.1,4.7,10.9,431,1.7,4.9,353,3.0,6.0,496,511,2.0,2.5,778,1.4,4.5,5.9,1.7,0.7,0.3,1.4,2.6,13.1,ATL/PHI/OKC,82,26.1,35,8.4
82,95,Sean Kilpatrick,SG,27,25.1,4.4,10.5,415,1.5,4.4,341,2.9,6.1,468,486,2.9,3.5,843,0.3,3.7,4.0,2.2,0.6,0.1,1.9,1.7,13.1,BKN,70,25.1,14,1.52
83,98,James Johnson,PF,29,27.4,4.8,10.1,479,1.1,3.4,0.34,3.7,6.8,0.5479999999999999,535,2.0,2.8,0.7070000000000001,0.9,4.1,4.9,3.6,1.0,1.1,2.3,2.6,12.8,MIA,76,27.4,40,4.0
84,99,Elfrid Payton,PG,22,29.4,5.2,11.1,471,0.5,1.8,274,4.8,9.3,509,493,1.8,2.6,0.6920000000000001,1.1,3.6,4.7,6.5,1.1,0.5,2.2,2.2,12.8,ORL,82,29.4,29,2.61
85,100,Dario Saric,PF,22,26.3,4.7,11.4,411,1.3,4.2,311,3.4,7.2,469,468,2.1,2.7,782,1.4,5.0,6.3,2.2,0.7,0.4,2.3,2.0,12.8,PHI,81,26.3,28,2.32
86,101,Aaron Gordon,SF,21,28.7,4.9,10.8,454,1.0,3.3,0.28800000000000003,4.0,7.5,528,499,2.0,2.7,0.7190000000000001,1.5,3.6,5.1,1.9,0.8,0.5,1.1,2.2,12.7,ORL,80,28.7,29,4.35
87,102,Rodney Hood,SG,24,27.0,4.6,11.3,408,1.9,5.2,371,2.7,6.1,0.44,494,1.5,1.9,0.7829999999999999,0.3,3.2,3.4,1.6,0.6,0.2,1.1,2.2,12.7,UTAH,59,27.0,40,1.41
88,105,Pau Gasol,C,36,25.4,4.7,9.4,502,0.9,1.6,0.5379999999999999,3.9,7.8,494,0.5479999999999999,2.0,2.9,0.7070000000000001,1.7,6.2,7.8,2.3,0.4,1.1,1.3,1.7,12.4,SA,64,25.4,47,15.5
89,106,Jamal Crawford,SG,36,26.3,4.4,10.6,413,1.4,3.9,0.36,3.0,6.7,443,479,2.1,2.5,857,0.2,1.4,1.6,2.6,0.7,0.2,1.6,1.4,12.3,LAC,82,26.3,51,13.25
90,107,Austin Rivers,SG,24,27.8,4.4,9.9,442,1.5,4.0,371,2.9,5.8,491,518,1.8,2.6,691,0.3,1.9,2.2,2.8,0.6,0.1,1.6,2.5,12.0,LAC,74,27.8,43,11.0
91,108,Jonas Valanciunas,C,24,25.8,4.9,8.8,557,0.0,0.0,0.5,4.9,8.8,557,0.5579999999999999,2.2,2.7,0.8109999999999999,2.8,6.7,9.5,0.7,0.5,0.8,1.3,2.7,12.0,TOR,80,25.8,50,14.38
92,109,Jahlil Okafor,C,21,22.7,4.8,9.4,514,0.0,0.0,,4.8,9.4,514,514,2.1,3.2,0.6709999999999999,1.6,3.2,4.8,1.2,0.4,1.0,1.8,2.4,11.8,PHI,50,22.7,15,4.79
93,110,Trevor Ariza,SF,31,34.7,4.1,10.0,409,2.4,6.9,344,1.7,3.0,556,528,1.2,1.6,738,0.7,5.1,5.7,2.2,1.8,0.3,0.9,1.7,11.7,HOU,80,34.7,53,7.81
94,111,Frank Kaminsky,C,23,26.1,4.3,10.7,399,1.5,4.7,328,2.7,6.0,455,471,1.6,2.1,0.7559999999999999,0.8,3.7,4.5,2.2,0.6,0.5,1.0,1.9,11.7,CHA,75,26.1,31,2.73
95,112,Greg Monroe,C,26,22.5,4.8,9.0,0.5329999999999999,0.0,0.0,0.0,4.8,8.9,536,0.5329999999999999,2.2,3.0,741,2.1,4.5,6.6,2.3,1.1,0.5,1.7,2.1,11.7,MIL,81,22.5,42,17.15
96,113,Steven Adams,C,23,29.9,4.7,8.2,0.5710000000000001,0.0,0.0,0.0,4.7,8.2,0.5720000000000001,0.5710000000000001,2.0,3.2,611,3.5,4.2,7.7,1.1,1.1,1.0,1.8,2.4,11.3,OKC,80,29.9,47,3.14
97,114,Marvin Williams,PF,30,30.2,3.9,9.3,422,1.6,4.7,0.35,2.3,4.6,494,0.51,1.7,2.0,873,1.2,5.4,6.6,1.4,0.8,0.7,0.8,1.8,11.2,CHA,76,30.2,32,12.25
98,115,Ricky Rubio,PG,26,32.9,3.5,8.7,402,0.8,2.6,306,2.7,6.1,443,448,3.4,3.8,0.8909999999999999,0.9,3.2,4.1,9.1,1.7,0.1,2.6,2.7,11.1,MIN,75,32.9,28,13.55
99,116,Jerryd Bayless,PG,28,23.7,3.7,10.7,344,0.7,1.7,0.4,3.0,9.0,333,375,3.0,3.3,0.9,1.0,3.0,4.0,4.3,0.0,0.0,3.0,1.3,11.0,PHI,3,23.7,1,9.42
100,117,Kent Bazemore,SF,27,26.9,4.0,9.9,409,1.3,3.6,0.34600000000000003,2.8,6.2,446,473,1.6,2.3,708,0.6,2.5,3.2,2.4,1.2,0.7,1.7,2.3,11.0,ATL,73,26.9,39,15.73
101,118,Brandon Knight,SG,25,21.1,3.9,9.7,398,0.8,2.6,324,3.0,7.1,425,441,2.4,2.9,857,0.5,1.7,2.2,2.4,0.5,0.1,1.6,1.6,11.0,PHX,54,21.1,16,12.61
102,119,Emmanuel Mudiay,PG,20,25.6,3.8,10.0,377,1.0,3.2,315,2.8,6.8,408,428,2.4,3.0,784,0.5,2.7,3.2,3.9,0.7,0.2,2.2,1.7,11.0,DEN,55,25.6,25,3.24
103,120,Terrence Ross,SF,25,25.1,4.2,9.6,0.4370000000000001,1.8,5.0,363,2.4,4.6,518,532,0.8,1.0,831,0.2,2.4,2.6,1.1,1.1,0.4,0.9,1.8,11.0,ORL/TOR,78,25.1,39,10.0
104,122,Thaddeus Young,PF,28,30.2,4.9,9.3,527,0.6,1.6,381,4.3,7.7,557,0.56,0.6,1.2,523,1.8,4.3,6.1,1.6,1.5,0.4,1.3,1.8,11.0,IND,74,30.2,40,14.15
105,123,J.J. Barea,PG,32,22.0,4.1,9.8,414,1.5,4.2,358,2.5,5.6,456,491,1.3,1.5,863,0.3,2.1,2.4,5.5,0.4,0.0,1.8,0.9,10.9,DAL,35,22.0,11,4.1
106,124,Justise Winslow,SF,20,34.7,4.4,12.5,0.35600000000000004,0.4,1.9,0.2,4.1,10.6,384,371,1.6,2.6,617,1.3,3.9,5.2,3.7,1.4,0.3,1.8,2.9,10.9,MIA,18,34.7,4,2.59
107,125,Taj Gibson,PF,31,25.5,4.7,9.1,515,0.0,0.2,231,4.6,8.9,0.52,517,1.4,2.0,715,2.0,4.2,6.2,0.9,0.5,0.8,1.3,2.1,10.8,CHI/OKC,78,25.5,41,8.95
108,126,Marcin Gortat,C,32,31.2,4.8,8.2,579,0.0,0.0,0.0,4.8,8.2,0.58,579,1.3,1.9,648,2.9,7.5,10.4,1.5,0.5,0.7,1.5,2.6,10.8,WSH,82,31.2,49,12.0
109,128,Courtney Lee,SG,31,31.9,4.2,9.1,456,1.4,3.5,401,2.8,5.6,0.49,0.5329999999999999,1.1,1.3,867,0.7,2.7,3.4,2.3,1.1,0.3,0.9,1.8,10.8,NY,77,31.9,29,11.24
110,129,Allen Crabbe,SG,24,28.5,3.8,8.2,468,1.7,3.8,444,2.1,4.4,0.49,0.5720000000000001,1.3,1.6,847,0.2,2.6,2.9,1.2,0.7,0.3,0.8,2.2,10.7,POR,79,28.5,39,18.5
111,132,Buddy Hield,SG,23,23.0,4.0,9.4,426,1.8,4.6,391,2.2,4.7,461,523,0.8,0.9,0.8420000000000001,0.4,2.9,3.3,1.5,0.5,0.1,1.2,1.4,10.6,NO/SAC,82,23.0,31,3.52
112,133,Nikola Mirotic,PF,25,24.0,3.7,8.9,413,1.8,5.4,342,1.8,3.5,0.52,516,1.4,1.8,773,0.9,4.6,5.5,1.1,0.8,0.8,1.1,1.8,10.6,CHI,70,24.0,37,5.78
113,134,Marcus Smart,SG,22,30.4,3.4,9.5,359,1.2,4.2,0.28300000000000003,2.2,5.3,0.42,422,2.6,3.2,812,1.0,2.9,3.9,4.6,1.6,0.4,2.0,2.4,10.6,BOS,79,30.4,51,3.58
114,135,Marco Belinelli,SG,30,24.0,3.6,8.3,429,1.4,3.8,0.36,2.2,4.5,488,512,2.0,2.3,893,0.2,2.2,2.4,2.0,0.6,0.1,0.9,1.2,10.5,CHA,74,24.0,34,6.33
115,136,Wayne Ellington,SG,29,24.2,3.7,9.0,416,2.4,6.4,378,1.3,2.6,509,0.55,0.6,0.7,0.86,0.3,1.8,2.1,1.1,0.6,0.1,0.5,1.1,10.5,MIA,62,24.2,35,6.0
116,137,Robin Lopez,C,28,28.0,4.7,9.6,493,0.0,0.0,0.0,4.7,9.5,494,493,0.9,1.3,721,3.0,3.4,6.4,1.0,0.2,1.4,1.1,1.9,10.4,CHI,81,28.0,40,13.22
117,138,Mason Plumlee,C,26,26.5,4.1,7.7,536,0.0,0.1,0.0,4.1,7.6,541,536,2.1,3.7,0.58,2.1,5.4,7.5,3.5,0.9,1.1,1.7,2.8,10.4,DEN/POR,81,26.5,38,2.33
118,139,Tyreke Evans,SF,27,19.7,3.8,9.3,405,1.1,3.0,0.35600000000000004,2.7,6.3,429,462,1.7,2.3,0.75,0.3,3.1,3.4,3.1,0.9,0.2,1.5,1.5,10.3,NO/SAC,40,19.7,17,10.2
119,140,Cody Zeller,PF,24,27.8,4.1,7.1,0.5710000000000001,0.0,0.0,0.0,4.1,7.1,0.5720000000000001,0.5710000000000001,2.1,3.2,679,2.2,4.4,6.5,1.6,1.0,0.9,1.0,3.0,10.3,CHA,62,27.8,33,5.32
120,142,Draymond Green,PF,26,32.5,3.6,8.6,418,1.1,3.5,308,2.5,5.1,494,481,2.0,2.8,0.7090000000000001,1.3,6.6,7.9,7.0,2.0,1.4,2.4,2.9,10.2,GS,76,32.5,62,15.33
121,143,Jon Leuer,PF,27,25.9,4.1,8.6,0.48,0.7,2.2,293,3.5,6.4,545,518,1.3,1.5,867,1.4,4.0,5.4,1.5,0.4,0.3,0.9,1.9,10.2,DET,75,25.9,34,10.99
122,144,Jusuf Nurkic,C,22,21.4,4.2,8.2,507,0.0,0.0,0.0,4.2,8.2,508,507,1.8,3.2,0.5710000000000001,2.4,4.8,7.2,1.9,0.8,1.1,2.2,2.5,10.2,DEN/POR,65,21.4,34,1.92
123,145,Josh Richardson,SG,23,30.5,3.8,9.7,394,1.4,4.3,0.33,2.4,5.4,444,467,1.1,1.5,779,0.7,2.5,3.2,2.6,1.1,0.7,1.2,2.5,10.2,MIA,53,30.5,23,1.47
124,146,Kyle Korver,SG,35,26.2,3.6,7.7,464,2.4,5.4,451,1.1,2.3,494,621,0.6,0.6,905,0.1,2.7,2.8,1.6,0.5,0.3,1.0,1.6,10.1,ATL/CLE,67,26.2,33,5.24
125,147,Tony Parker,PG,34,25.2,4.2,9.0,466,0.4,1.1,333,3.8,7.9,484,486,1.3,1.9,726,0.1,1.7,1.8,4.5,0.5,0.0,1.4,1.5,10.1,SA,63,25.2,46,14.45
126,148,Trevor Booker,PF,29,24.7,4.3,8.3,516,0.4,1.1,321,3.9,7.2,546,537,1.0,1.5,0.6729999999999999,2.0,6.0,8.0,1.9,1.1,0.4,1.8,2.1,10.0,BKN,71,24.7,18,9.25
127,149,Gorgui Dieng,PF,27,32.4,4.0,8.1,502,0.2,0.5,0.3720000000000001,3.9,7.5,511,514,1.7,2.0,0.8140000000000001,2.3,5.6,7.9,1.9,1.1,1.2,1.3,3.1,10.0,MIN,82,32.4,31,2.35
128,151,Maurice Harkless,SF,23,28.9,4.1,8.1,503,0.9,2.5,0.35100000000000003,3.2,5.6,0.5720000000000001,0.5579999999999999,1.0,1.6,621,1.6,2.8,4.4,1.1,1.1,0.9,1.1,2.8,10.0,POR,77,28.9,38,8.99
129,153,Shabazz Muhammad,SF,24,19.4,3.7,7.7,482,0.6,1.9,338,3.1,5.8,528,523,1.9,2.4,774,1.1,1.7,2.8,0.4,0.3,0.1,0.7,1.1,9.9,MIN,78,19.4,29,3.05
130,154,Jamal Murray,SG,19,21.5,3.6,8.9,404,1.4,4.2,334,2.2,4.7,466,483,1.3,1.5,883,0.5,2.1,2.6,2.1,0.6,0.3,1.4,1.5,9.9,DEN,82,21.5,40,3.21
131,156,Jeremy Lamb,SG,24,18.4,3.6,7.9,0.46,0.7,2.4,281,3.0,5.6,536,502,1.8,2.1,853,0.5,3.8,4.3,1.2,0.4,0.4,0.6,1.6,9.7,CHA,62,18.4,27,6.51
132,157,Kenneth Faried,PF,27,21.2,3.7,6.8,0.5479999999999999,0.0,0.1,0.0,3.7,6.7,556,0.5479999999999999,2.1,3.1,693,3.0,4.6,7.6,0.9,0.7,0.7,1.0,2.0,9.6,DEN,61,21.2,29,12.08
133,158,E'Twaun Moore,SG,27,24.9,3.9,8.5,457,1.1,2.8,0.37,2.8,5.6,501,519,0.8,1.0,0.77,0.5,1.6,2.1,2.2,0.7,0.4,0.8,1.8,9.6,NO,73,24.9,32,8.08
134,160,Derrick Favors,PF,25,23.7,4.1,8.3,487,0.1,0.2,0.3,4.0,8.1,491,0.49,1.3,2.2,615,1.8,4.3,6.1,1.1,0.9,0.8,1.2,2.1,9.5,UTAH,50,23.7,33,11.05
135,161,Patty Mills,PG,28,21.9,3.4,7.8,0.44,1.8,4.4,414,1.6,3.3,474,0.5579999999999999,0.8,1.0,825,0.3,1.5,1.8,3.5,0.8,0.0,1.3,1.4,9.5,SA,80,21.9,60,3.58
136,162,Nik Stauskas,SG,23,27.4,3.1,7.9,396,1.7,4.5,368,1.5,3.4,433,0.5,1.5,1.9,813,0.3,2.6,2.8,2.4,0.6,0.4,1.6,1.8,9.5,PHI,80,27.4,27,2.99
137,163,Michael Beasley,PF,28,16.7,3.9,7.3,532,0.3,0.8,419,3.5,6.5,545,0.5539999999999999,1.4,1.9,743,0.7,2.7,3.4,0.9,0.5,0.5,1.2,1.6,9.4,MIL,56,16.7,23,1.4
138,164,Brandon Ingram,SF,19,28.8,3.5,8.7,402,0.7,2.4,294,2.8,6.3,443,442,1.7,2.7,621,0.8,3.2,4.0,2.1,0.6,0.5,1.5,2.0,9.4,LAL,79,28.8,26,5.28
139,165,Ish Smith,PG,28,24.1,4.1,9.2,439,0.3,1.3,267,3.7,8.0,467,458,0.9,1.3,706,0.3,2.6,2.9,5.2,0.8,0.4,1.4,1.6,9.4,DET,81,24.1,37,6.0
140,166,Cory Joseph,PG,25,25.0,3.7,8.3,452,0.6,1.7,0.35600000000000004,3.1,6.6,477,489,1.2,1.5,0.77,0.6,2.3,2.9,3.3,0.8,0.2,1.4,1.8,9.3,TOR,80,25.0,49,7.32
141,167,Marquese Chriss,PF,19,21.3,3.5,7.7,449,0.9,2.7,321,2.6,5.0,0.52,506,1.4,2.2,624,1.2,3.1,4.2,0.7,0.8,0.9,1.3,3.2,9.2,PHX,82,21.3,24,2.94
142,168,Jeff Green,PF,30,22.2,3.2,8.1,394,0.8,2.8,275,2.4,5.3,458,442,2.1,2.4,863,0.6,2.5,3.1,1.2,0.5,0.2,1.1,1.5,9.2,ORL,69,22.2,26,15.0
143,169,Gerald Henderson,SG,29,23.2,3.3,7.7,423,0.8,2.4,353,2.4,5.3,455,478,1.8,2.3,0.8059999999999999,0.5,2.1,2.6,1.6,0.6,0.2,0.9,1.8,9.2,PHI,72,23.2,24,9.0
144,170,Joe Johnson,SF,35,23.6,3.5,8.0,436,1.4,3.3,411,2.1,4.7,454,521,0.8,1.0,818,0.4,2.7,3.1,1.8,0.5,0.2,0.9,1.2,9.2,UTAH,78,23.6,47,11.0
145,171,Michael Kidd-Gilchrist,SF,23,29.0,3.6,7.6,477,0.0,0.1,111,3.6,7.5,483,478,1.9,2.4,784,1.9,5.0,7.0,1.4,1.0,1.0,0.7,2.3,9.2,CHA,81,29.0,36,13.0
146,172,Jameer Nelson,PG,34,27.3,3.6,8.1,444,1.4,3.6,388,2.2,4.4,489,531,0.6,0.8,0.7140000000000001,0.4,2.2,2.6,5.1,0.7,0.1,1.7,2.6,9.2,DEN,75,27.3,34,4.54
147,173,Tony Allen,SG,35,27.0,3.9,8.4,461,0.2,0.8,278,3.6,7.6,479,473,1.1,1.8,615,2.3,3.2,5.5,1.4,1.6,0.4,1.4,2.5,9.1,MEM,71,27.0,36,5.51
148,174,Channing Frye,C,33,18.9,3.2,7.0,458,1.9,4.5,409,1.4,2.5,546,589,0.9,1.0,851,0.5,3.4,3.9,0.6,0.4,0.5,0.7,1.9,9.1,CLE,74,18.9,44,7.81
149,177,Jodie Meeks,SG,29,20.5,2.9,7.1,402,1.6,3.8,409,1.3,3.3,395,512,1.8,2.1,878,0.1,2.0,2.1,1.3,0.9,0.1,1.0,1.1,9.1,ORL,36,20.5,14,6.54
150,179,Doug McDermott,SF,25,22.8,3.4,7.5,447,1.2,3.2,0.37,2.2,4.4,502,524,1.1,1.3,845,0.3,2.4,2.7,0.9,0.2,0.1,0.6,1.2,9.0,CHI/OKC,66,22.8,35,2.48
151,180,Kelly Olynyk,C,25,20.5,3.5,6.8,512,0.9,2.6,354,2.6,4.2,608,579,1.2,1.6,732,1.0,3.8,4.8,2.0,0.6,0.4,1.3,2.8,9.0,BOS,75,20.5,49,3.09
152,181,Evan Turner,SF,28,25.5,3.6,8.5,426,0.5,1.8,263,3.1,6.7,0.47,454,1.3,1.6,825,0.6,3.2,3.8,3.2,0.8,0.4,1.5,1.9,9.0,POR,65,25.5,34,16.39
153,182,DeMarre Carroll,SF,30,26.1,3.1,7.6,0.4,1.5,4.4,341,1.5,3.2,483,499,1.2,1.6,0.7609999999999999,0.9,2.9,3.8,1.0,1.1,0.4,0.8,2.0,8.9,TOR,72,26.1,44,14.2
154,185,Al-Farouq Aminu,SF,26,29.1,3.0,7.6,393,1.1,3.5,0.33,1.9,4.2,445,468,1.6,2.2,706,1.3,6.1,7.4,1.6,1.0,0.7,1.5,1.7,8.7,POR,61,29.1,33,7.68
155,186,Rondae Hollis-Jefferson,SF,22,22.6,3.0,6.9,434,0.2,0.9,224,2.8,6.1,463,447,2.4,3.2,0.7509999999999999,1.2,4.6,5.8,2.0,1.1,0.6,1.5,2.3,8.7,BKN,78,22.6,19,1.4
156,187,Nerlens Noel,C,22,20.5,3.6,6.1,595,0.0,0.0,0.0,3.6,6.0,597,595,1.5,2.2,0.6940000000000001,1.8,3.9,5.8,1.0,1.3,1.0,1.0,2.5,8.7,DAL/PHI,51,20.5,24,4.38
157,188,Marreese Speights,C,29,15.7,3.0,6.7,445,1.3,3.4,0.3720000000000001,1.7,3.3,0.52,539,1.5,1.7,0.8759999999999999,1.1,3.5,4.5,0.8,0.3,0.5,0.8,2.8,8.7,LAC,82,15.7,51,1.4
158,190,Monta Ellis,SG,31,27.0,3.3,7.5,443,0.6,1.8,319,2.8,5.7,483,482,1.3,1.7,727,0.3,2.5,2.8,3.2,1.1,0.4,1.8,2.0,8.5,IND,74,27.0,39,10.76
159,191,Tony Snell,SG,25,29.2,3.1,6.8,455,1.8,4.4,406,1.3,2.3,0.5479999999999999,588,0.6,0.7,0.81,0.3,2.8,3.1,1.2,0.7,0.2,0.7,1.6,8.5,MIL,80,29.2,42,2.37
160,192,Arron Afflalo,SG,31,25.9,3.0,6.9,0.44,1.0,2.5,411,2.0,4.4,457,514,1.4,1.5,892,0.1,1.9,2.0,1.3,0.3,0.1,0.7,1.7,8.4,SAC,61,25.9,23,12.5
161,193,Tyson Chandler,C,34,27.6,3.3,4.9,0.6709999999999999,0.0,0.0,,3.3,4.9,0.6709999999999999,0.6709999999999999,1.9,2.6,0.7340000000000001,3.3,8.2,11.5,0.6,0.7,0.5,1.4,2.7,8.4,PHX,47,27.6,15,12.42
162,195,Troy Daniels,SG,25,17.7,2.8,7.4,374,2.1,5.3,389,0.7,2.1,336,513,0.6,0.8,0.7959999999999999,0.3,1.2,1.5,0.7,0.3,0.1,0.7,1.3,8.2,MEM,67,17.7,33,3.33
163,197,Willy Hernangomez,C,22,18.4,3.4,6.5,529,0.1,0.2,267,3.4,6.3,0.5379999999999999,0.5329999999999999,1.3,1.7,728,2.4,4.6,7.0,1.3,0.6,0.5,1.4,2.1,8.2,NY,72,18.4,27,1.44
164,198,Caris LeVert,SF,22,21.7,3.0,6.7,0.45,1.0,3.2,321,2.0,3.4,0.5710000000000001,528,1.2,1.6,0.72,0.4,2.9,3.3,1.9,0.9,0.1,1.0,1.6,8.2,BKN,57,21.7,15,1.56
165,200,Willie Cauley-Stein,C,23,18.9,3.4,6.4,0.53,0.0,0.0,0.0,3.4,6.4,532,0.53,1.3,2.0,669,1.1,3.4,4.5,1.1,0.7,0.6,0.9,2.0,8.1,SAC,75,18.9,29,3.55
166,201,Al Jefferson,C,32,14.1,3.6,7.1,499,0.0,0.0,0.0,3.6,7.1,0.5,499,1.0,1.3,765,1.1,3.1,4.2,0.9,0.3,0.2,0.5,1.9,8.1,IND,66,14.1,33,10.31
167,202,Ben McLemore,SG,23,19.3,3.0,6.9,0.43,1.1,2.8,382,1.9,4.1,462,507,1.1,1.5,753,0.3,1.8,2.1,0.8,0.5,0.1,1.0,1.8,8.1,SAC,61,19.3,27,4.01
168,203,Tristan Thompson,C,25,29.9,3.4,5.6,0.6,0.0,0.0,0.0,3.4,5.6,604,0.6,1.4,2.7,498,3.7,5.5,9.2,1.0,0.5,1.1,0.8,2.3,8.1,CLE,78,29.9,50,15.33
169,204,Vince Carter,SF,40,24.6,2.6,6.7,394,1.5,4.1,378,1.1,2.7,418,508,1.2,1.6,765,0.5,2.6,3.1,1.8,0.8,0.5,0.7,2.2,8.0,MEM,73,24.7,36,4.26
170,205,Alex Len,C,23,20.3,3.0,6.0,0.4970000000000001,0.0,0.2,0.25,2.9,5.9,503,0.5,1.9,2.7,721,2.0,4.6,6.6,0.6,0.5,1.3,1.3,3.1,8.0,PHX,77,20.3,21,4.82
171,206,D.J. Augustin,PG,29,19.7,2.5,6.6,377,1.2,3.5,0.34700000000000003,1.3,3.1,412,469,1.7,2.1,0.8140000000000001,0.2,1.3,1.5,2.7,0.4,0.0,1.2,1.3,7.9,ORL,78,19.7,29,7.25
172,207,Langston Galloway,PG,25,20.2,2.8,7.4,0.38,1.6,4.2,0.39,1.2,3.2,0.3670000000000001,0.49,0.7,0.9,797,0.4,1.7,2.1,1.3,0.6,0.1,0.6,1.3,7.9,NO/SAC,74,20.2,29,5.2
173,208,Shelvin Mack,PG,26,21.9,3.1,6.9,446,0.7,2.2,308,2.4,4.7,0.51,495,1.0,1.4,688,0.4,1.9,2.3,2.8,0.8,0.1,1.6,1.8,7.8,UTAH,55,21.9,34,2.43
174,209,Sergio Rodriguez,PG,30,22.3,3.1,7.9,392,1.4,3.7,365,1.7,4.2,415,478,0.3,0.4,667,0.3,2.0,2.3,5.1,0.7,0.1,1.9,1.4,7.8,PHI,68,22.3,24,8.0
175,210,Rajon Rondo,PG,30,26.7,3.3,8.1,408,0.7,1.9,376,2.6,6.2,418,453,0.4,0.7,0.6,1.1,4.1,5.1,6.7,1.4,0.2,2.4,2.1,7.8,CHI,69,26.7,34,14.0
176,211,Garrett Temple,SG,30,26.6,2.8,6.6,424,1.3,3.4,373,1.6,3.3,476,519,0.9,1.1,784,0.5,2.3,2.8,2.6,1.3,0.4,1.2,2.2,7.8,SAC,65,26.6,25,8.0
177,213,Matthew Dellavedova,PG,26,26.1,2.7,7.0,0.39,1.0,2.8,0.3670000000000001,1.7,4.2,404,463,1.1,1.3,0.8540000000000001,0.3,1.6,1.9,4.7,0.7,0.0,1.8,2.0,7.6,MIL,76,26.1,39,9.61
178,214,Luol Deng,SF,31,26.5,2.9,7.6,387,0.9,2.9,309,2.0,4.6,436,447,0.8,1.1,0.73,1.1,4.1,5.3,1.3,0.9,0.4,0.8,1.1,7.6,LAL,56,26.5,18,18.0
179,215,Andre Iguodala,SF,33,26.3,2.9,5.5,528,0.8,2.3,362,2.0,3.1,0.6509999999999999,605,0.9,1.3,706,0.7,3.3,4.0,3.4,1.0,0.5,0.8,1.3,7.6,GS,76,26.3,64,11.13
180,216,Manu Ginobili,SG,39,18.7,2.5,6.4,0.39,1.3,3.3,392,1.2,3.1,387,491,1.2,1.6,804,0.4,1.9,2.3,2.7,1.2,0.2,1.4,1.7,7.5,SA,69,18.7,51,14.0
181,217,Iman Shumpert,SG,26,25.5,2.6,6.4,411,1.2,3.4,0.36,1.4,3.0,469,507,0.9,1.2,789,0.5,2.4,2.9,1.4,0.8,0.4,1.0,2.0,7.5,CLE,76,25.5,48,9.66
182,219,Timofey Mozgov,C,30,20.4,3.1,6.1,515,0.0,0.0,0.0,3.1,6.1,517,515,1.2,1.4,0.8079999999999999,1.9,3.0,4.9,0.8,0.3,0.6,1.3,2.5,7.4,LAL,54,20.4,16,16.0
183,224,Danny Green,SG,29,26.6,2.6,6.6,392,1.7,4.6,379,0.9,2.0,0.42,523,0.4,0.5,0.8440000000000001,0.5,2.8,3.3,1.8,1.0,0.8,1.1,1.8,7.3,SA,68,26.6,51,10.0
184,225,David Lee,PF,33,18.7,3.1,5.3,0.59,0.0,0.0,,3.1,5.3,0.59,0.59,1.0,1.4,708,1.9,3.7,5.6,1.6,0.4,0.5,1.0,1.6,7.3,SA,79,18.7,58,1.55
185,227,Thabo Sefolosha,SF,32,25.7,2.8,6.4,441,0.7,1.9,342,2.1,4.4,484,0.4920000000000001,0.9,1.2,733,0.9,3.5,4.4,1.7,1.5,0.5,0.9,1.6,7.2,ATL,62,25.7,32,3.85
186,228,Rodney Stuckey,PG,30,17.8,2.3,6.3,373,0.5,1.5,317,1.8,4.7,391,412,2.1,2.7,748,0.2,2.0,2.2,2.2,0.4,0.0,1.4,1.1,7.2,IND,39,17.8,17,7.0
187,229,Justin Anderson,SF,23,16.4,2.5,5.9,424,0.8,2.6,299,1.7,3.3,522,0.49,1.4,1.7,0.7909999999999999,0.9,2.3,3.3,0.9,0.5,0.3,0.9,1.5,7.1,DAL/PHI,75,16.4,24,1.51
188,231,Tim Frazier,PG,26,23.5,2.5,6.2,403,0.6,2.0,313,1.9,4.2,446,453,1.5,2.0,0.76,0.5,2.1,2.7,5.2,0.9,0.1,1.6,2.0,7.1,NO,65,23.5,26,2.09
189,232,Joe Ingles,SF,29,24.0,2.5,5.5,452,1.5,3.4,441,1.0,2.1,471,589,0.6,0.8,735,0.3,2.9,3.2,2.7,1.2,0.1,1.3,2.0,7.1,UTAH,82,24.0,51,2.15
190,233,Brandon Jennings,PG,27,22.2,2.4,6.6,359,1.0,3.1,313,1.4,3.5,399,433,1.4,1.9,0.75,0.4,2.1,2.4,4.9,0.9,0.0,1.6,1.4,7.1,NY/WSH,81,22.2,37,5.0
191,236,Solomon Hill,SF,25,29.7,2.3,6.0,383,1.2,3.4,348,1.1,2.6,428,481,1.3,1.6,805,0.6,3.2,3.8,1.8,0.9,0.4,1.0,2.3,7.0,NO,80,29.7,34,11.24
192,238,Justin Hamilton,C,26,18.4,2.7,5.9,459,0.9,2.8,306,1.9,3.1,598,532,0.6,0.8,0.75,1.1,3.0,4.1,0.9,0.5,0.7,0.7,1.4,6.9,BKN,64,18.4,14,3.0
193,241,Jared Dudley,PF,31,21.3,2.5,5.4,454,1.2,3.2,379,1.3,2.2,0.5589999999999999,565,0.7,1.0,662,0.5,3.0,3.5,1.9,0.7,0.3,1.1,2.4,6.8,PHX,64,21.3,17,10.47
194,242,John Henson,C,26,19.4,2.7,5.3,515,0.0,0.0,0.0,2.7,5.3,516,515,1.3,1.8,0.6920000000000001,1.6,3.5,5.1,1.0,0.5,1.3,0.9,2.6,6.8,MIL,58,19.4,26,12.52
195,243,Patrick Patterson,PF,27,24.6,2.4,5.9,401,1.4,3.9,0.3720000000000001,0.9,2.0,458,523,0.7,0.9,0.7170000000000001,1.0,3.6,4.5,1.2,0.6,0.4,0.6,1.8,6.8,TOR,65,24.6,42,6.05
197,244,Bobby Portis,PF,21,15.6,2.9,5.9,488,0.5,1.5,333,2.4,4.4,541,531,0.6,0.9,0.6609999999999999,1.2,3.5,4.6,0.5,0.3,0.2,0.6,1.5,6.8,CHI,64,15.6,30,1.52
198,246,Brandan Wright,PF,29,16.0,3.0,4.8,615,0.0,0.0,0.0,3.0,4.8,619,615,0.8,1.3,657,1.1,1.7,2.8,0.5,0.4,0.7,0.4,1.5,6.8,MEM,28,16.0,14,5.71
199,247,Alec Burks,SG,25,15.5,2.4,5.9,399,0.6,1.8,329,1.8,4.1,0.43,0.45,1.4,1.9,769,0.4,2.5,2.9,0.7,0.4,0.1,0.8,1.2,6.7,UTAH,42,15.5,26,10.15
200,250,Devin Harris,PG,33,16.7,2.1,5.2,399,0.9,2.7,328,1.2,2.5,476,484,1.6,2.0,0.8290000000000001,0.2,1.8,2.0,2.1,0.7,0.1,0.9,1.6,6.7,DAL,65,16.7,29,4.23
201,251,Dwight Powell,C,25,17.3,2.5,4.9,515,0.3,1.0,284,2.2,3.9,0.5710000000000001,542,1.4,1.8,759,1.2,2.8,4.0,0.6,0.8,0.5,0.4,1.8,6.7,DAL,77,17.3,30,8.38
202,253,Jaylen Brown,SF,20,17.2,2.5,5.4,454,0.6,1.7,341,1.9,3.7,507,508,1.1,1.6,685,0.6,2.2,2.8,0.8,0.4,0.2,0.9,1.8,6.6,BOS,78,17.2,50,4.74
203,254,Michael Carter-Williams,PG,25,18.8,2.5,6.8,366,0.3,1.4,234,2.2,5.4,401,391,1.3,1.7,753,0.5,2.9,3.4,2.5,0.8,0.5,1.5,2.3,6.6,CHI,45,18.8,25,3.18
204,255,Dante Cunningham,SF,29,25.0,2.6,5.4,485,1.1,2.7,392,1.6,2.7,579,584,0.2,0.4,593,0.8,3.3,4.2,0.6,0.6,0.4,0.4,1.5,6.6,NO,66,25.0,28,2.98
205,256,Kosta Koufos,C,27,20.0,3.0,5.5,551,0.0,0.0,0.0,3.0,5.5,552,551,0.5,0.9,613,1.7,4.0,5.7,0.7,0.5,0.7,0.9,2.4,6.6,SAC,71,20.0,27,8.05
206,257,Andre Roberson,SF,25,30.1,2.7,5.9,464,0.6,2.3,245,2.2,3.5,609,513,0.6,1.4,423,1.2,3.9,5.1,1.0,1.2,1.0,0.6,2.6,6.6,OKC,79,30.1,46,2.18
207,258,Marcus Thornton,SG,29,17.4,2.5,6.4,0.4,0.8,2.4,0.35,1.7,3.9,431,467,0.7,0.8,852,0.7,1.6,2.3,1.2,0.6,0.1,0.8,1.5,6.6,WSH,33,17.4,15,0.98
208,259,Sam Dekker,SF,22,18.4,2.6,5.6,473,0.8,2.4,321,1.9,3.1,591,0.5429999999999999,0.5,0.9,0.5589999999999999,1.2,2.5,3.7,1.0,0.5,0.3,0.5,1.1,6.5,HOU,77,18.4,52,1.72
209,260,Amir Johnson,PF,29,20.1,2.7,4.6,0.5760000000000001,0.3,0.8,409,2.3,3.8,612,612,0.8,1.3,0.67,1.5,3.1,4.6,1.8,0.6,0.8,1.0,2.6,6.5,BOS,80,20.1,51,12.0
210,261,Darrell Arthur,PF,28,15.6,2.3,5.2,442,1.3,2.9,453,1.0,2.4,429,565,0.5,0.5,0.8640000000000001,0.6,2.1,2.7,1.0,0.5,0.5,0.9,1.9,6.4,DEN,41,15.6,20,8.07
211,262,Timothe Luwawu-Cabarrot,SF,21,17.2,2.1,5.2,402,0.7,2.3,311,1.4,2.9,475,471,1.5,1.8,0.8540000000000001,0.4,1.8,2.2,1.1,0.5,0.1,1.1,2.2,6.4,PHI,69,17.2,23,1.39
212,264,Mirza Teletovic,PF,31,16.2,2.2,6.0,373,1.5,4.4,341,0.7,1.6,0.46,498,0.5,0.6,778,0.2,2.2,2.3,0.7,0.2,0.2,0.5,1.6,6.4,MIL,70,16.2,36,10.5
213,265,Leandro Barbosa,SG,34,14.4,2.6,5.9,439,0.5,1.5,0.35700000000000004,2.0,4.4,466,483,0.6,0.7,889,0.2,1.3,1.6,1.2,0.5,0.1,0.7,1.2,6.3,PHX,67,14.4,20,4.0
214,266,Mindaugas Kuzminskas,SF,27,14.9,2.3,5.4,428,0.8,2.5,321,1.5,3.0,517,501,0.8,1.0,809,0.7,1.2,1.9,1.0,0.4,0.2,0.8,1.2,6.3,NY,68,14.9,24,2.9
215,267,Kyle O'Quinn,C,26,15.6,2.7,5.2,521,0.0,0.2,118,2.7,5.0,0.5379999999999999,523,0.8,1.1,0.7709999999999999,2.0,3.6,5.6,1.5,0.5,1.3,1.0,2.2,6.3,NY,79,15.6,29,3.92
216,269,Nemanja Bjelica,PF,28,18.3,2.3,5.5,424,0.9,2.7,316,1.5,2.8,531,503,0.7,0.9,738,0.9,2.9,3.8,1.2,0.6,0.3,0.9,2.4,6.2,MIN,65,18.3,28,3.8
217,270,Dante Exum,PG,21,18.6,2.3,5.5,0.4270000000000001,0.7,2.3,295,1.7,3.2,519,488,0.9,1.1,795,0.5,1.5,2.0,1.7,0.3,0.2,1.2,2.2,6.2,UTAH,66,18.6,40,3.94
218,271,Jonathan Gibson,PG,29,13.6,2.1,5.6,368,0.9,2.6,333,1.2,2.9,0.4,447,1.2,1.7,0.7240000000000001,0.1,1.2,1.3,1.5,0.5,0.0,1.2,1.2,6.2,DAL,17,13.6,4,0.47
219,272,Spencer Hawes,PF,28,14.8,2.5,5.1,484,0.5,1.5,309,2.0,3.6,556,529,0.8,1.0,846,0.7,2.8,3.5,1.5,0.3,0.6,0.9,1.4,6.2,MIL/CHA,54,14.8,27,6.35
220,273,Trey Lyles,PF,21,16.3,2.2,6.2,362,0.9,2.9,319,1.3,3.3,0.4,436,0.8,1.1,722,0.7,2.6,3.3,1.0,0.4,0.3,0.9,1.4,6.2,UTAH,71,16.3,43,2.34
221,275,Chandler Parsons,SF,28,19.9,2.2,6.5,338,0.7,2.7,269,1.5,3.8,388,394,1.0,1.3,0.8140000000000001,0.2,2.3,2.5,1.6,0.6,0.1,0.7,1.5,6.2,MEM,34,19.9,18,22.12
222,276,Ramon Sessions,PG,30,16.2,2.0,5.3,0.38,0.4,1.2,339,1.6,4.0,393,0.42,1.8,2.4,0.7709999999999999,0.2,1.2,1.5,2.6,0.5,0.1,0.9,0.9,6.2,CHA,50,16.2,23,6.0
223,278,Troy Williams,SF,22,18.6,2.4,5.6,0.4370000000000001,0.6,2.1,0.29,1.8,3.5,524,491,0.7,1.1,0.6559999999999999,0.5,1.8,2.3,0.8,0.9,0.3,1.1,2.0,6.2,HOU/MEM,30,18.6,19,1.58
224,279,Luc Mbah a Moute,SF,30,22.3,2.4,4.7,505,0.5,1.4,391,1.9,3.4,552,562,0.7,1.1,0.6779999999999999,0.6,1.6,2.1,0.5,1.0,0.4,0.6,1.5,6.1,LAC,80,22.3,49,2.2
225,280,JaVale McGee,C,29,9.6,2.7,4.1,652,0.0,0.0,0.0,2.7,4.1,0.6579999999999999,652,0.7,1.4,505,1.3,1.9,3.2,0.2,0.2,0.9,0.5,1.4,6.1,GS,77,9.6,62,1.4
226,284,Alex Abrines,SG,23,15.5,2.0,5.0,393,1.4,3.6,381,0.6,1.4,426,531,0.6,0.7,898,0.3,1.0,1.3,0.6,0.5,0.1,0.5,1.7,6.0,OKC,68,15.5,37,5.99
227,285,Bismack Biyombo,C,24,22.1,2.2,4.2,528,0.0,0.0,,2.2,4.2,528,528,1.5,2.9,534,1.9,5.1,7.0,0.9,0.3,1.1,1.2,2.5,6.0,ORL,81,22.1,29,17.0
228,288,Lance Thomas,PF,28,21.0,2.1,5.3,398,0.8,1.8,447,1.3,3.5,371,475,0.9,1.1,843,0.7,2.4,3.1,0.8,0.5,0.1,0.5,1.8,6.0,NY,46,21.0,15,6.19
229,289,Jerian Grant,PG,24,16.3,2.0,4.8,425,0.8,2.1,366,1.3,2.7,473,507,1.0,1.2,0.89,0.3,1.5,1.8,1.9,0.7,0.1,0.7,1.5,5.9,CHI,63,16.3,29,1.64
230,290,Andrew Harrison,PG,22,20.5,1.6,5.0,325,0.6,2.2,276,1.0,2.8,363,385,2.1,2.7,763,0.3,1.6,1.9,2.8,0.7,0.3,1.2,2.7,5.9,MEM,72,20.5,38,1.31
231,291,Domantas Sabonis,PF,20,20.1,2.4,5.9,399,0.6,2.0,321,1.7,4.0,438,452,0.5,0.8,657,0.6,3.0,3.6,1.0,0.5,0.4,1.0,2.5,5.9,OKC,81,20.1,46,2.44
232,292,Quincy Acy,PF,26,14.7,1.8,4.5,412,1.0,2.4,411,0.9,2.1,413,521,1.2,1.6,0.75,0.5,2.5,3.0,0.5,0.4,0.4,0.6,1.8,5.8,DAL/BKN,38,14.7,11,1.79
233,294,Tarik Black,C,25,16.3,2.2,4.4,0.51,0.0,0.0,0.5,2.2,4.4,0.51,512,1.2,1.6,752,2.1,3.0,5.1,0.6,0.4,0.7,0.9,2.6,5.7,LAL,67,16.3,24,6.19
234,296,Jason Smith,C,30,14.4,2.4,4.4,529,0.5,1.1,474,1.9,3.4,546,585,0.5,0.7,0.6859999999999999,0.9,2.6,3.5,0.5,0.3,0.7,0.8,2.3,5.7,WSH,74,14.4,45,5.0
235,301,Ian Mahinmi,C,30,17.9,2.1,3.6,586,0.0,0.0,,2.1,3.6,586,586,1.4,2.4,573,1.5,3.3,4.8,0.6,1.1,0.8,1.1,2.9,5.6,WSH,31,17.9,19,15.94
236,302,Georgios Papagiannis,C,19,16.1,2.5,4.6,0.5489999999999999,0.0,0.1,0.0,2.5,4.5,0.56,0.5489999999999999,0.5,0.6,857,1.1,2.8,3.9,0.9,0.1,0.8,1.1,2.0,5.6,SAC,22,16.1,7,2.2
237,303,Delon Wright,PG,24,16.5,1.8,4.3,422,0.4,1.1,333,1.4,3.2,453,466,1.6,2.0,764,0.6,1.2,1.8,2.1,1.0,0.4,0.9,1.1,5.6,TOR,27,16.5,19,1.58
238,305,Boban Marjanovic,C,28,8.4,2.1,3.8,545,0.0,0.0,,2.1,3.8,545,545,1.3,1.7,0.81,1.3,2.4,3.7,0.3,0.2,0.3,0.3,0.7,5.5,DET,35,8.4,16,7.0
239,306,Anthony Morrow,SG,31,14.6,2.0,5.1,389,0.8,2.7,308,1.2,2.4,479,0.47,0.7,0.8,919,0.2,0.4,0.6,0.5,0.5,0.0,0.1,0.9,5.5,CHI/OKC,49,14.6,25,3.49
240,307,Terry Rozier,PG,22,17.1,2.0,5.6,0.3670000000000001,0.8,2.4,318,1.3,3.1,405,0.4370000000000001,0.7,0.9,773,0.5,2.5,3.1,1.8,0.6,0.1,0.6,0.9,5.5,BOS,74,17.1,47,1.91
241,309,Malcolm Delaney,PG,27,17.1,2.0,5.3,374,0.4,1.5,236,1.6,3.8,428,407,1.0,1.3,0.8059999999999999,0.1,1.5,1.7,2.6,0.5,0.0,1.3,1.5,5.4,ATL,73,17.1,37,2.5
242,310,Joffrey Lauvergne,PF-C,25,14.0,2.1,4.8,0.44,0.5,1.4,337,1.6,3.4,483,0.49,0.7,1.0,0.63,1.0,2.6,3.6,1.0,0.4,0.1,0.8,1.2,5.4,CHI/OKC,70,14.0,41,1.71
243,310,Joffrey Lauvergne,PF-C,25,14.0,2.1,4.8,0.44,0.5,1.4,337,1.6,3.4,483,0.49,0.7,1.0,0.63,1.0,2.6,3.6,1.0,0.4,0.1,0.8,1.2,5.4,CHI/OKC,70,14.0,41,1.52
244,311,Meyers Leonard,PF,24,16.5,2.0,5.1,386,1.0,2.9,0.34700000000000003,1.0,2.2,436,484,0.5,0.5,875,0.4,2.8,3.2,1.0,0.2,0.4,0.5,2.3,5.4,POR,74,16.5,37,9.21
245,312,Alexis Ajinca,C,28,15.0,2.3,4.6,0.5,0.0,0.1,0.0,2.3,4.5,511,0.5,0.7,1.0,725,1.2,3.4,4.5,0.3,0.5,0.6,0.8,2.0,5.3,NO,39,15.0,15,4.64
246,314,Chasson Randle,PG,23,11.5,1.5,3.8,408,0.6,1.8,0.34,0.9,2.0,471,0.49,1.6,1.7,953,0.2,1.0,1.2,1.3,0.3,0.1,0.7,1.5,5.3,NY/PHI,26,11.5,8,1.31
247,317,Mike Dunleavy,SF,36,15.9,1.8,4.2,423,1.0,2.5,396,0.8,1.6,465,0.5429999999999999,0.7,0.8,0.8,0.3,1.8,2.2,0.9,0.3,0.1,0.5,1.3,5.2,ATL/CLE,53,15.9,34,4.84
248,318,Randy Foye,SG,33,18.6,1.7,4.7,363,1.0,2.9,0.33,0.7,1.8,418,466,0.8,0.9,857,0.1,2.1,2.2,2.0,0.5,0.1,1.2,1.4,5.2,BKN,69,18.6,17,2.5
249,319,Cameron Payne,PG,22,14.9,2.1,6.2,332,0.9,2.8,314,1.2,3.5,0.34600000000000003,402,0.2,0.3,625,0.1,1.5,1.5,1.8,0.5,0.1,0.9,1.7,5.2,CHI/OKC,31,14.9,16,2.11
250,320,Dewayne Dedmon,C,27,17.5,2.1,3.4,622,0.0,0.0,,2.1,3.4,622,622,0.9,1.2,0.6990000000000001,1.7,4.8,6.5,0.6,0.5,0.8,0.8,2.4,5.1,SA,76,17.5,55,2.9
251,322,Shaun Livingston,PG,31,17.7,2.3,4.2,547,0.0,0.0,333,2.3,4.1,0.55,0.5489999999999999,0.6,0.8,0.7,0.4,1.6,2.0,1.8,0.5,0.3,0.8,1.6,5.1,GS,76,17.7,63,5.78
252,323,Luis Scola,PF,36,12.8,2.0,4.2,0.47,0.5,1.4,0.34,1.5,2.8,535,526,0.7,1.0,0.6759999999999999,1.4,2.4,3.9,1.0,0.4,0.1,0.9,1.8,5.1,BKN,36,12.8,7,5.5
253,324,Wayne Selden,SG,22,16.9,1.8,4.1,431,0.5,2.0,0.25,1.3,2.1,0.6,491,1.0,1.6,636,0.1,1.1,1.1,0.9,0.4,0.1,0.9,1.3,5.1,NO/MEM,14,16.9,6,1.31
254,326,Denzel Valentine,SG,23,17.1,1.8,5.1,354,1.3,3.6,0.35100000000000003,0.5,1.4,363,481,0.2,0.3,778,0.2,2.5,2.6,1.1,0.5,0.1,0.9,1.5,5.1,CHI,57,17.1,28,2.09
255,327,Anthony Bennett,PF,23,11.5,1.7,4.0,413,0.6,2.1,271,1.1,1.9,568,484,1.1,1.6,722,1.1,2.3,3.4,0.5,0.2,0.1,0.5,0.8,5.0,BKN,23,11.5,3,1.02
256,328,Aaron Brooks,PG,32,13.8,1.9,4.6,403,0.7,2.0,375,1.1,2.6,424,483,0.5,0.6,0.8,0.3,0.8,1.1,1.9,0.4,0.1,1.0,1.4,5.0,IND,65,13.8,36,2.7
257,329,Trey Burke,PG,24,12.3,2.0,4.5,455,0.5,1.2,443,1.5,3.2,459,516,0.4,0.5,759,0.1,0.7,0.8,1.8,0.2,0.1,0.8,0.9,5.0,WSH,57,12.3,35,3.39
258,330,Joakim Noah,C,31,22.1,2.2,4.4,0.49,0.0,0.0,0.0,2.2,4.4,493,0.49,0.7,1.7,436,3.5,5.2,8.8,2.2,0.7,0.8,1.3,2.8,5.0,NY,46,22.1,17,17.0
259,332,Aron Baynes,C,30,15.5,1.9,3.7,513,0.0,0.0,,1.9,3.7,513,513,1.1,1.3,0.84,1.5,3.0,4.4,0.4,0.2,0.5,0.7,2.2,4.9,DET,75,15.5,34,6.5
260,334,Juan Hernangomez,PF,21,13.6,1.6,3.6,451,0.7,1.8,407,0.9,1.8,495,0.5539999999999999,0.9,1.2,0.75,0.7,2.3,3.0,0.5,0.5,0.2,0.5,1.0,4.9,DEN,62,13.6,30,1.99
261,335,Mario Hezonja,SF,21,14.8,1.8,5.1,355,0.7,2.2,299,1.1,2.9,398,0.42,0.6,0.8,0.8,0.3,1.9,2.2,1.0,0.5,0.2,0.9,1.1,4.9,ORL,65,14.8,20,3.91
262,336,Josh McRoberts,PF,29,17.3,2.0,5.4,373,0.6,1.4,419,1.4,4.0,0.35600000000000004,428,0.3,0.4,667,1.0,2.3,3.4,2.3,0.5,0.2,1.0,1.4,4.9,MIA,22,17.3,6,5.78
263,337,Tiago Splitter,C,32,9.5,1.8,3.9,452,0.3,0.8,333,1.5,3.1,0.48,484,1.1,1.4,818,1.0,1.8,2.8,0.5,0.1,0.1,0.8,1.0,4.9,PHI,8,9.5,1,8.55
264,339,Jarell Eddie,SF,25,12.4,1.2,3.8,316,0.8,3.2,0.25,0.4,0.6,667,421,1.6,1.8,889,0.2,1.2,1.4,0.0,0.2,0.0,0.2,0.2,4.8,PHX,5,12.4,0,0.06
265,341,Kevin Seraphin,PF,27,11.4,2.2,4.0,551,0.0,0.0,0.0,2.2,4.0,556,551,0.3,0.4,636,0.8,2.1,2.9,0.5,0.1,0.4,0.6,1.3,4.7,IND,49,11.4,23,1.8
266,342,Isaiah Canaan,SG,25,15.2,1.6,4.4,364,0.6,2.4,266,1.0,2.0,481,436,0.8,0.8,909,0.2,1.1,1.3,0.9,0.6,0.0,0.5,0.9,4.6,CHI,39,15.2,19,1.02
267,343,Boris Diaw,PF,34,17.6,2.0,4.5,446,0.3,1.1,247,1.7,3.4,512,477,0.4,0.5,743,0.6,1.5,2.2,2.3,0.2,0.1,1.2,1.1,4.6,UTAH,73,17.6,45,7.0
268,344,Roy Hibbert,C,30,14.2,1.7,3.1,544,0.0,0.0,,1.7,3.1,544,544,1.3,1.6,813,1.1,2.0,3.2,0.4,0.2,1.0,0.7,2.1,4.6,DEN/CHA,48,14.2,24,5.0
269,345,Kris Humphries,PF,31,12.3,1.6,3.8,407,0.3,1.0,0.35200000000000004,1.2,2.9,425,451,1.1,1.5,0.78,1.1,2.6,3.7,0.5,0.3,0.4,0.5,1.2,4.6,ATL,56,12.3,31,4.0
270,348,Corey Brewer,SF,30,15.6,1.8,4.2,422,0.3,1.4,229,1.5,2.8,522,461,0.6,0.8,735,0.4,1.6,2.0,1.2,0.7,0.2,0.7,1.6,4.5,HOU/LAL,82,15.6,47,7.61
271,349,Reggie Bullock,SF,25,15.1,1.7,4.1,422,0.9,2.4,384,0.8,1.8,473,531,0.2,0.2,0.7140000000000001,0.4,1.6,2.1,0.9,0.6,0.1,0.3,0.7,4.5,DET,31,15.1,13,2.26
272,352,Pierre Jackson,PG,25,10.5,1.6,4.9,333,0.4,1.4,273,1.3,3.5,0.35700000000000004,0.3720000000000001,0.8,0.9,857,0.1,1.0,1.1,2.4,0.3,0.0,0.4,0.6,4.4,DAL,8,10.5,4,0.03
273,353,Stanley Johnson,SF,20,17.8,1.7,4.7,353,0.6,2.0,292,1.1,2.7,398,415,0.5,0.7,679,0.5,2.0,2.5,1.4,0.7,0.3,0.9,1.6,4.4,DET,77,17.8,35,2.97
274,356,Lucas Nogueira,C,24,19.1,1.8,2.7,0.66,0.1,0.2,0.25,1.8,2.5,0.6940000000000001,0.67,0.8,1.2,657,1.4,2.8,4.3,0.7,0.9,1.6,0.8,2.4,4.4,TOR,57,19.1,34,1.92
275,358,Noah Vonleh,PF,21,17.1,1.8,3.6,481,0.1,0.3,0.35,1.7,3.4,0.4920000000000001,494,0.8,1.3,638,1.8,3.5,5.2,0.4,0.4,0.4,0.9,2.1,4.4,POR,74,17.1,38,2.75
276,359,Ed Davis,PF,27,17.2,1.6,3.1,528,0.0,0.0,,1.6,3.1,528,528,1.1,1.8,617,2.1,3.2,5.3,0.6,0.3,0.5,0.8,3.0,4.3,POR,46,17.2,19,6.67
277,360,Tyler Ennis,PG,22,11.1,1.7,3.9,433,0.5,1.3,386,1.2,2.6,457,498,0.4,0.5,0.84,0.2,0.7,0.8,1.6,0.5,0.0,0.8,1.1,4.3,HOU/LAL,53,11.1,28,1.73
278,363,Brandon Rush,SG,31,21.9,1.5,4.0,374,0.9,2.4,386,0.6,1.6,0.35600000000000004,0.4920000000000001,0.3,0.4,722,0.3,1.8,2.1,1.0,0.5,0.5,0.6,0.9,4.2,MIN,47,21.9,15,3.5
279,370,Thon Maker,C,19,9.9,1.5,3.2,459,0.5,1.3,378,1.0,1.9,514,536,0.6,0.9,653,0.7,1.3,2.0,0.4,0.2,0.5,0.3,1.5,4.0,MIL,57,9.9,31,2.57
280,373,Anthony Brown,SF,24,14.5,1.6,4.5,0.36,0.6,2.5,259,1.0,2.1,478,0.43,0.0,0.0,,0.7,2.3,3.0,0.7,0.5,0.1,0.5,1.4,3.9,NO/ORL,11,14.5,3,0.06
281,374,Jarell Martin,PF,22,13.3,1.4,3.6,384,0.2,0.6,0.36,1.2,3.0,389,414,1.0,1.2,0.8,1.0,2.9,3.9,0.2,0.4,0.2,0.7,2.2,3.9,MEM,42,13.3,23,1.47
282,375,Malik Beasley,SG,20,7.5,1.5,3.3,452,0.4,1.3,321,1.1,2.0,0.5329999999999999,514,0.4,0.5,0.8,0.2,0.5,0.8,0.5,0.3,0.0,0.4,0.5,3.8,DEN,22,7.5,12,1.63
283,376,Kris Dunn,PG,22,17.1,1.5,4.0,377,0.3,0.9,0.28800000000000003,1.2,3.1,404,411,0.5,0.8,0.61,0.3,1.8,2.1,2.4,1.0,0.5,1.1,2.3,3.8,MIN,78,17.1,30,3.87
284,377,Jonas Jerebko,PF,29,15.8,1.5,3.4,435,0.6,1.7,0.34600000000000003,0.9,1.7,523,521,0.3,0.5,703,0.8,2.7,3.5,0.9,0.3,0.2,0.5,1.6,3.8,BOS,78,15.8,51,5.0
285,378,Malachi Richardson,SG,21,9.0,1.3,3.1,412,0.4,1.3,0.28600000000000003,0.9,1.8,0.5,471,0.7,0.9,789,0.1,0.9,1.0,0.5,0.2,0.0,0.4,1.0,3.6,SAC,22,9.0,9,1.44
286,378,Malachi Richardson,SG,21,9.0,1.3,3.1,412,0.4,1.3,0.28600000000000003,0.9,1.8,0.5,471,0.7,0.9,789,0.1,0.9,1.0,0.5,0.2,0.0,0.4,1.0,3.6,SAC,22,9.0,9,1.5
287,379,Tyus Jones,PG,20,12.9,1.3,3.0,414,0.4,1.2,0.35600000000000004,0.8,1.8,454,486,0.6,0.7,767,0.2,1.0,1.1,2.6,0.8,0.1,0.6,0.8,3.5,MIN,60,12.9,23,1.47
288,381,Adreian Payne,PF,25,7.5,1.3,3.0,426,0.2,0.8,0.2,1.1,2.2,513,454,0.8,1.1,737,0.5,1.3,1.8,0.4,0.4,0.4,0.4,1.8,3.5,MIN,18,7.5,5,2.02
289,383,Rashad Vaughn,SG,20,11.2,1.4,3.8,365,0.6,2.0,321,0.8,1.8,413,449,0.0,0.1,0.4,0.1,1.1,1.2,0.6,0.5,0.2,0.3,0.8,3.5,MIL,41,11.2,18,1.81
290,384,Tyler Zeller,C,27,10.3,1.5,3.1,494,0.0,0.0,0.0,1.5,3.1,0.4970000000000001,494,0.4,0.8,564,0.8,1.6,2.4,0.8,0.1,0.4,0.4,1.2,3.5,BOS,51,10.3,32,8.0
291,386,Dragan Bender,PF,19,13.3,1.3,3.7,354,0.7,2.3,277,0.7,1.4,483,441,0.1,0.3,364,0.5,1.9,2.4,0.5,0.2,0.5,0.7,1.7,3.4,PHX,43,13.3,13,4.28
292,388,Dejounte Murray,PG,20,8.5,1.3,3.1,431,0.2,0.6,391,1.1,2.4,441,0.47,0.6,0.8,0.7,0.2,0.9,1.1,1.3,0.2,0.2,1.0,0.8,3.4,SA,38,8.5,29,1.31
293,389,Jared Sullinger,PF,24,10.7,1.4,4.3,319,0.3,1.6,0.16699999999999998,1.1,2.6,414,0.35100000000000003,0.4,0.7,0.5,0.9,1.5,2.5,0.3,0.4,0.1,0.4,1.5,3.4,TOR,11,10.7,2,5.63
294,395,Henry Ellenson,PF,20,7.7,1.2,3.4,359,0.5,1.8,0.28600000000000003,0.7,1.5,448,438,0.2,0.4,0.5,0.4,1.7,2.2,0.4,0.1,0.1,0.7,0.3,3.2,DET,19,7.7,8,1.7
295,396,Paul Pierce,SF,39,11.1,1.1,2.8,0.4,0.6,1.7,349,0.5,1.1,481,507,0.4,0.5,769,0.0,1.9,1.9,0.4,0.2,0.2,0.6,1.6,3.2,LAC,25,11.1,16,3.53
296,397,Maurice Ndour,PF,24,10.3,1.2,2.7,453,0.0,0.2,0.14300000000000002,1.2,2.5,481,459,0.6,0.8,731,0.7,1.3,2.0,0.3,0.5,0.3,0.4,0.9,3.1,NY,32,10.3,10,0.54
297,398,Jakob Poeltl,C,21,11.6,1.2,2.1,583,0.0,0.0,,1.2,2.1,583,583,0.6,1.1,544,1.4,1.6,3.1,0.2,0.3,0.4,0.5,2.1,3.1,TOR,54,11.6,38,2.7
298,399,Briante Weber,PG,24,10.3,1.3,3.0,417,0.1,0.5,0.1,1.2,2.5,0.48,425,0.6,0.8,688,0.4,0.9,1.3,1.1,0.6,0.1,0.4,0.8,3.1,GS/CHA,20,10.3,12,1.47
299,400,Jarrett Jack,PG,33,16.5,1.0,1.5,667,0.0,0.5,0.0,1.0,1.0,1.0,667,1.0,1.0,1.0,0.0,0.0,0.0,2.5,1.0,0.0,1.5,2.0,3.0,NO,2,16.5,1,0.06
300,405,Andrew Bogut,C,32,21.6,1.4,3.0,469,0.0,0.0,0.0,1.4,3.0,475,469,0.1,0.4,273,2.1,6.0,8.1,1.8,0.5,0.9,1.6,3.2,2.9,CLE/DAL,27,21.6,8,0.24
301,408,Fred VanVleet,PG,22,7.9,1.1,3.0,0.35100000000000003,0.3,0.8,379,0.8,2.2,341,401,0.5,0.6,818,0.1,1.0,1.1,0.9,0.4,0.1,0.4,1.0,2.9,TOR,37,7.9,25,1.31
302,415,Kyle Singler,SF,28,12.0,1.1,2.6,0.41,0.2,1.2,189,0.8,1.4,0.5870000000000001,452,0.4,0.5,765,0.3,1.3,1.5,0.3,0.2,0.2,0.3,0.9,2.8,OKC,32,12.0,15,4.84
303,418,Omer Asik,C,30,15.5,1.0,2.1,477,0.0,0.0,,1.0,2.1,477,477,0.7,1.3,0.59,1.5,3.7,5.3,0.5,0.2,0.3,0.5,1.6,2.7,NO,31,15.5,12,9.9
304,419,DeAndre' Bembry,SF,22,9.8,1.2,2.6,0.48,0.0,0.5,56,1.2,2.1,575,485,0.2,0.4,375,0.4,1.2,1.6,0.7,0.2,0.1,0.4,0.6,2.7,ATL,38,9.8,20,1.5
305,419,DeAndre' Bembry,SF,22,9.8,1.2,2.6,0.48,0.0,0.5,56,1.2,2.1,575,485,0.2,0.4,375,0.4,1.2,1.6,0.7,0.2,0.1,0.4,0.6,2.7,ATL,38,9.8,20,1.57
306,420,Marcelo Huertas,PG,33,10.3,1.1,3.0,368,0.2,0.8,211,0.9,2.1,429,397,0.4,0.7,529,0.1,1.0,1.0,2.3,0.4,0.1,0.8,0.7,2.7,LAL,23,10.3,5,1.5
307,420,Marcelo Huertas,PG,33,10.3,1.1,3.0,368,0.2,0.8,211,0.9,2.1,429,397,0.4,0.7,529,0.1,1.0,1.0,2.3,0.4,0.1,0.8,0.7,2.7,LAL,23,10.3,5,1.5
308,421,Wesley Johnson,SF,29,11.9,1.1,2.9,365,0.4,1.7,246,0.6,1.2,537,438,0.2,0.3,647,0.4,2.3,2.7,0.3,0.4,0.4,0.3,1.2,2.7,LAC,68,11.9,40,5.63
309,422,Tomas Satoransky,SG,25,12.6,1.1,2.6,415,0.2,0.6,243,0.9,1.9,473,446,0.4,0.6,0.6970000000000001,0.4,1.0,1.5,1.6,0.5,0.1,0.7,1.1,2.7,WSH,57,12.6,33,2.87
310,423,Christian Wood,PF,21,8.2,0.9,1.8,522,0.0,0.4,0.0,0.9,1.4,667,522,0.8,1.2,733,1.1,1.2,2.2,0.2,0.2,0.5,0.5,0.8,2.7,CHA,13,8.2,5,0.87
311,424,Bryn Forbes,SG,23,7.9,1.0,2.8,364,0.5,1.5,321,0.5,1.3,413,449,0.1,0.2,833,0.1,0.6,0.6,0.6,0.0,0.0,0.3,0.6,2.6,SA,36,7.9,24,1.31
312,425,Andrew Nicholson,PF,27,9.0,1.1,2.9,387,0.1,0.7,185,1.0,2.2,452,0.41,0.2,0.4,643,0.4,1.2,1.6,0.3,0.4,0.2,0.4,1.4,2.6,BKN/WSH,38,9.0,20,6.09
313,427,Pat Connaughton,SG,24,8.1,0.9,1.8,514,0.4,0.8,515,0.5,1.0,513,632,0.2,0.2,778,0.3,1.1,1.3,0.7,0.2,0.1,0.4,0.6,2.5,POR,39,8.1,18,1.47
314,428,DeAndre Liggins,SG,28,12.5,0.9,2.3,387,0.3,0.7,0.37,0.6,1.5,396,447,0.4,0.6,625,0.3,1.4,1.7,0.9,0.8,0.2,0.7,1.3,2.5,CLE/DAL,62,12.5,40,1.58
315,431,Miles Plumlee,C,28,10.8,1.0,2.0,478,0.0,0.0,,1.0,2.0,478,478,0.6,0.9,0.6409999999999999,0.8,1.3,2.1,0.5,0.4,0.3,0.7,1.6,2.5,MIL/CHA,45,10.8,19,12.5
316,432,Mike Scott,PF,28,10.8,0.9,3.3,0.28800000000000003,0.2,1.5,0.14800000000000002,0.7,1.8,406,322,0.4,0.4,875,0.6,1.5,2.1,0.9,0.2,0.2,0.4,0.7,2.5,ATL,18,10.8,7,3.33
317,435,Greivis Vasquez,PG,30,13.0,0.7,2.7,0.25,0.3,1.0,333,0.3,1.7,0.2,313,0.7,1.0,667,0.0,0.7,0.7,1.7,0.3,0.3,0.3,2.0,2.3,BKN,3,13.0,1,4.35
318,437,James Young,SG,21,7.6,0.9,2.0,431,0.4,1.2,343,0.4,0.8,565,534,0.2,0.3,667,0.2,0.7,0.9,0.1,0.3,0.1,0.1,0.5,2.3,BOS,29,7.6,16,1.83
319,439,Jake Layman,SF,22,7.1,0.7,2.5,292,0.4,1.5,255,0.4,1.1,342,365,0.4,0.5,765,0.2,0.5,0.7,0.3,0.3,0.1,0.3,0.6,2.2,POR,35,7.1,16,1.31
320,440,Treveon Graham,SG,23,7.0,0.7,1.5,475,0.3,0.6,0.6,0.4,0.9,0.4,588,0.4,0.6,667,0.2,0.6,0.8,0.2,0.2,0.0,0.1,0.7,2.1,CHA,27,7.0,10,1.31
321,442,Rakeem Christmas,PF,25,7.6,0.7,1.5,442,0.0,0.0,,0.7,1.5,442,442,0.7,1.0,0.7240000000000001,0.9,1.0,1.9,0.1,0.1,0.2,0.3,1.3,2.0,IND,29,7.6,14,1.47
322,444,Demetrius Jackson,PG,22,3.4,0.6,0.8,0.75,0.2,0.2,1.0,0.4,0.6,667,875,0.6,1.2,0.5,0.4,0.4,0.8,0.6,0.0,0.0,0.0,0.0,2.0,BOS,5,3.4,1,1.45
323,444,Demetrius Jackson,PG,22,3.4,0.6,0.8,0.75,0.2,0.2,1.0,0.4,0.6,667,875,0.6,1.2,0.5,0.4,0.4,0.8,0.6,0.0,0.0,0.0,0.0,2.0,BOS,5,3.4,1,1.38
324,446,Udonis Haslem,C,36,8.1,0.7,1.4,478,0.0,0.2,0.0,0.7,1.3,0.55,478,0.6,0.9,0.6,0.5,1.8,2.3,0.4,0.4,0.1,0.5,1.4,1.9,MIA,16,8.1,6,4.0
325,448,Marshall Plumlee,C,24,8.1,0.8,1.4,0.5329999999999999,0.0,0.0,,0.8,1.4,0.5329999999999999,0.5329999999999999,0.4,0.9,421,1.1,1.3,2.4,0.5,0.2,0.2,0.6,1.1,1.9,NY,21,8.1,6,1.31
326,452,Lamar Patterson,SG,25,8.0,0.6,3.0,0.2,0.2,1.2,0.16699999999999998,0.4,1.8,222,233,0.4,0.6,667,0.2,1.2,1.4,1.2,0.2,0.0,0.8,1.2,1.8,ATL,5,8.0,1,0.25
327,454,Cole Aldrich,C,28,8.6,0.7,1.4,523,0.0,0.0,,0.7,1.4,523,523,0.2,0.4,682,0.8,1.7,2.5,0.4,0.4,0.4,0.3,1.4,1.7,MIN,62,8.6,23,7.64
328,455,Nick Collison,PF,36,6.4,0.7,1.2,609,0.0,0.1,0.0,0.7,1.1,636,609,0.3,0.4,625,0.5,1.1,1.6,0.6,0.1,0.1,0.2,0.9,1.7,OKC,20,6.4,10,3.75
329,456,Jordan Hill,C,29,6.7,0.7,1.9,385,0.0,0.0,,0.7,1.9,385,385,0.3,0.3,1.0,1.1,0.9,2.0,0.0,0.1,0.0,0.6,1.3,1.7,MIN,7,6.7,2,4.0
330,457,Bruno Caboclo,SF,21,4.4,0.7,1.8,375,0.2,0.7,333,0.4,1.1,0.4,438,0.0,0.0,,0.6,0.6,1.1,0.4,0.2,0.1,0.2,0.4,1.6,TOR,9,4.4,8,1.59
331,458,Deyonta Davis,C,20,6.6,0.7,1.3,511,0.0,0.0,,0.7,1.3,511,511,0.3,0.5,556,0.6,1.1,1.7,0.1,0.1,0.5,0.2,1.1,1.6,MEM,36,6.6,23,1.37
332,458,Deyonta Davis,C,20,6.6,0.7,1.3,511,0.0,0.0,,0.7,1.3,511,511,0.3,0.5,556,0.6,1.1,1.7,0.1,0.1,0.5,0.2,1.1,1.6,MEM,36,6.6,23,1.31
333,459,Ryan Kelly,PF,25,6.9,0.5,1.8,0.28600000000000003,0.3,0.6,0.4,0.3,1.1,222,0.35700000000000004,0.3,0.4,833,0.1,1.1,1.1,0.5,0.3,0.3,0.3,0.3,1.6,ATL,16,6.9,6,1.58
334,460,Jordan Mickey,PF,22,5.6,0.6,1.4,441,0.0,0.0,0.0,0.6,1.3,455,441,0.3,0.6,0.5710000000000001,0.5,0.8,1.4,0.3,0.1,0.2,0.4,0.5,1.5,BOS,25,5.6,9,1.47
335,463,Mike Miller,SF,36,7.6,0.5,1.2,391,0.4,1.0,0.4,0.1,0.2,333,565,0.1,0.1,1.0,0.1,1.8,1.9,1.1,0.1,0.0,0.7,0.5,1.4,DEN,20,7.6,9,3.5
336,464,Diamond Stone,C,19,3.4,0.4,1.9,231,0.0,0.0,,0.4,1.9,231,231,0.6,0.6,1.0,0.1,0.7,0.9,0.0,0.0,0.1,0.3,0.7,1.4,LAC,7,3.4,6,1.31
337,466,Brice Johnson,PF,22,3.0,0.7,2.3,0.28600000000000003,0.0,0.0,,0.7,2.3,0.28600000000000003,0.28600000000000003,0.0,0.0,,0.3,0.7,1.0,0.3,0.7,0.3,0.3,0.0,1.3,LAC,3,3.0,1,1.33
338,471,Mike Tobey,C,22,12.5,0.5,2.0,0.25,0.0,0.0,,0.5,2.0,0.25,0.25,0.0,0.0,,1.0,0.5,1.5,0.5,0.0,0.0,0.5,1.0,1.0,CHA,2,12.5,0,0.07
339,475,Alonzo Gee,SF,29,6.8,0.2,1.1,214,0.0,0.2,0.0,0.2,0.8,273,214,0.4,0.7,556,0.3,0.8,1.2,0.5,0.4,0.1,0.3,1.1,0.8,DEN,13,6.8,4,0.06
340,481,John Lucas III,PG,34,2.2,0.2,0.8,0.25,0.0,0.2,0.0,0.2,0.6,333,0.25,0.0,0.0,,0.0,0.0,0.0,0.2,0.4,0.0,0.0,0.0,0.4,MIN,5,2.2,3,0.98
341,482,Aaron Harrison,SG,22,3.4,0.0,0.8,0.0,0.0,0.4,0.0,0.0,0.4,0.0,0.0,0.2,0.4,0.5,0.0,0.6,0.6,0.6,0.0,0.0,0.0,0.4,0.2,CHA,5,3.4,2,0.87
342,482,Giancarlo Magalli,SG,22,3.4,0.0,0.8,NaN,0.0,0.4,0.0,0.0,0.4,0.0,0.0,0.2,0.4,0.5,0.0,0.6,0.6,0.6,0.0,0.0,0.0,0.4,0.2,CHA,5,3.4,2,0.87
343,483,Massimo Giletti,SG,22,3.4,0.0,0.8,0.0,0.0,0.4,0.0,0.0,0.4,0.0,0.0,0.2,0.4,0.5,0.0,0.6,0.6,0.6,0.0,0.0,0.0,0.4,0.2,CHA,5,3.4,2,0.87
344,484,Massimo Giletti,SG,22,3.4,0.0,0.8,0.0,0.0,0.4,0.0,0.0,0.4,0.0,0.0,0.2,0.4,0.5,0.0,0.6,0.6,0.6,0.0,0.0,0.0,0.4,0.2,CHA,5,3.4,2,0.87
